customer_profession,customer_id,age,income,No of transactions,home_loc_latiutde,home_loc_longitude,work_loc_longitude,work_loc_latitude,gender
VP Sales,1734,26,165601,101,13.169934,80.350915,80.189836,13.077439,M
Assistant Professor,1884,32,52412,109,13.045008,80.19446,80.081901,12.997656,F
Senior Cost Accountant,1060,30,253315,100,12.909097,80.306494,80.033953,13.182403,F
Research Assistant,1225,64,94665,88,12.997656,80.235904,80.198211,13.112804,M
Administrative Assistant,1128,17,21911,93,12.96485,80.133291,80.333014,13.007624,F
Geologist,1534,48,183881,101,13.027008,80.361474,80.013034,12.983425,M
Senior Developer,1742,50,233039,100,13.010564,80.388817,80.271746,12.978431,M
Recruiter,1266,28,83716,97,12.911887,80.368982,80.169981,12.979651,F
VP Marketing,1979,53,67271,117,12.951669,80.156353,80.107236,13.12671,M
Payment Adjustment Coordinator,1234,78,38380,94,13.000341,80.103171,80.02753,13.041984,F
Geological Engineer,1067,18,13036,93,13.186448,80.067107,80.279558,13.141058,F
Business Systems Development Analyst,1681,80,64088,94,12.918836,80.176288,80.340522,12.998708,F
Senior Quality Engineer,1965,26,68258,97,12.955652,80.133618,80.32751,13.055683,F
Account Representative,1525,33,137504,80,13.120907,80.210136,80.291187,12.938689,M
Physical Therapy Assistant,1265,33,211699,87,12.903656,80.300239,80.084015,12.957915,F
Legal Assistant,1527,69,282298,113,13.074999,80.312967,80.00331,12.980889,F
Senior Sales Associate,1001,20,102260,120,12.99026,80.298813,80.116137,13.082407,F
Human Resources Manager,1328,19,27662,92,13.162923,80.060825,80.097789,13.168059,M
Chief Design Engineer,1290,46,283335,109,13.148055,80.166825,80.32535,13.098258,M
Tax Accountant,1049,53,124597,106,13.026392,80.17189,80.345754,12.988464,F
Health Coach,1531,46,133476,102,13.077822,80.113945,80.046651,13.003213,F
Account Representative,1397,43,142029,92,12.938289,80.299954,80.045909,13.09162,M
Database Administrator,1598,27,36118,98,13.134939,80.013138,80.247793,13.132273,M
Social Worker,1229,45,272962,89,12.911965,80.252563,80.119682,13.043924,F
VP Sales,1953,58,290240,102,13.085087,80.0902,80.189008,13.162897,M
Chemical Engineer,1305,41,27537,108,13.19907,80.194288,80.371729,12.989976,M
Assistant Professor,1321,75,53063,89,12.935915,80.07987,80.247982,12.97309,F
Clinical Specialist,1294,50,288550,99,13.081084,80.143736,80.297597,13.109599,F
Cost Accountant,1115,41,235587,78,13.143081,80.288229,80.237381,13.07009,F
Recruiter,1878,79,37691,112,13.089434,80.065322,80.225697,13.002769,F
Sales Representative,1991,45,80426,94,12.919087,80.016492,80.094864,13.157779,F
Biostatistician,1183,53,261401,94,13.028822,80.037197,80.086886,13.021785,M
Mechanical Systems Engineer,1619,62,289434,113,13.080424,80.018487,80.29876,12.96461,M
Assistant Manager,1338,57,110671,85,12.915477,80.235662,80.163027,12.990663,M
Clinical Specialist,1301,20,54225,96,12.982264,80.291067,80.3399,13.076198,M
Structural Engineer,1797,64,206484,116,12.968409,80.208597,80.06941,12.979908,M
Assistant Manager,1235,51,29638,96,13.179036,80.181623,80.381614,13.193686,M
Research Nurse,1002,57,259571,101,12.919147,80.107218,80.067475,12.969078,F
Analog Circuit Design manager,1601,63,27517,115,13.198914,80.330327,80.109606,12.969484,F
Financial Analyst,1822,24,45021,102,12.975703,80.266364,80.122627,12.948062,F
Computer Systems Analyst,1886,16,10596,100,12.942088,80.311871,80.009281,12.906907,F
GIS Technical Architect,1309,57,238849,88,12.922754,80.171614,80.23695,13.140636,M
Programmer Analyst,1219,44,250964,88,13.099202,80.188927,80.098252,13.00261,M
Senior Sales Associate,1350,66,263314,96,12.960594,80.310894,80.235365,13.123589,M
VP Product Management,1138,32,16757,104,13.07376,80.017895,80.176471,13.186416,F
Programmer Analyst,1726,40,273459,78,12.924922,80.259749,80.270136,12.959578,M
Automation Specialist,1702,30,249126,91,13.183678,80.145132,80.120181,12.91356,F
Account Representative,1070,35,81611,116,13.121823,80.05096,80.089979,13.194281,F
Geologist,1826,72,39501,109,13.054039,80.050752,80.346476,13.061201,M
Tax Accountant,1871,48,161679,106,13.116083,80.245205,80.20578,13.042418,M
Media Manager,1325,46,44253,96,13.080231,80.26289,80.307104,13.012348,F
Sales Associate,1874,24,116139,91,13.056053,80.1926,80.239636,12.943099,M
Actuary,1136,63,44827,84,13.031822,80.226885,80.217066,13.185331,F
Systems Administrator,1643,29,294697,113,13.139752,80.129108,80.378544,13.148959,F
Desktop Support Technician,1221,36,142390,92,13.138173,80.398985,80.127955,12.901512,M
Statistician,1200,48,48982,98,13.074296,80.072805,80.296947,12.966944,M
Account Executive,1945,69,258222,95,13.083092,80.134944,80.218103,12.924133,F
GIS Technical Architect,1966,44,137994,85,13.1698,80.02118,80.241709,13.059384,F
Desktop Support Technician,1449,72,45379,79,13.011999,80.370553,80.02209,13.034997,F
Safety Technician,1929,44,181473,88,13.175907,80.019533,80.024648,13.108076,M
Project Manager,1115,25,191441,119,12.985636,80.04268,80.186764,13.019533,F
Human Resources Assistant,1262,79,60280,98,13.011621,80.13259,80.175336,13.04291,F
Database Administrator,1917,33,78253,110,13.045007,80.34024,80.249891,12.959757,F
Business Systems Development Analyst,1127,16,17196,91,12.947203,80.075447,80.174886,13.065701,M
Automation Specialist,1007,53,189670,93,13.044482,80.289126,80.122144,12.986163,M
General Manager,1141,31,41775,92,12.961243,80.134962,80.345528,13.106006,F
Tax Accountant,1530,23,292797,102,13.150928,80.399402,80.03693,13.172406,M
Product Engineer,1081,34,228191,82,12.915342,80.033779,80.331968,13.184092,M
Account Representative,1087,38,163729,74,13.047095,80.218426,80.059134,13.061085,F
Budget/Accounting Analyst,1213,70,278497,91,13.011809,80.265832,80.158855,13.199838,M
Account Coordinator,1070,40,220808,77,13.118621,80.348982,80.314034,13.155447,M
Programmer Analyst,1158,57,113694,104,13.038774,80.392438,80.161729,13.152708,M
Legal Assistant,1124,45,287101,100,13.096431,80.182659,80.380668,12.999155,F
Structural Analysis Engineer,1485,55,186787,93,13.054913,80.393091,80.058351,13.169686,M
Nuclear Power Engineer,1160,20,18264,94,13.193217,80.025037,80.280796,12.900539,F
GIS Technical Architect,1230,44,123204,107,12.962603,80.174717,80.390328,13.080585,F
Accountant,1057,60,133018,101,12.911228,80.278313,80.065555,13.198419,M
Sales Associate,1003,32,227505,101,13.076327,80.350497,80.112923,13.164689,M
Geologist,1180,66,113443,93,13.002967,80.25208,80.261674,13.151751,F
Food Chemist,1541,76,41884,99,13.022364,80.149473,80.035123,12.940864,M
Staff Scientist,1893,52,41416,91,13.15236,80.334222,80.019926,13.137389,F
Project Manager,1835,75,55326,94,13.100687,80.003645,80.062941,12.932369,M
Civil Engineer,1602,54,237257,105,13.099339,80.002471,80.285945,13.083005,M
Computer Systems Analyst,1675,33,295931,89,12.912253,80.284938,80.222547,13.075327,M
Environmental Tech,1551,44,165886,103,13.043249,80.194161,80.021024,13.014199,M
Chemical Engineer,1565,57,230479,94,13.115663,80.218693,80.035928,13.080563,F
Analyst Programmer,1115,32,148738,75,13.05641,80.391636,80.388409,12.974595,F
Accounting Assistant,1922,30,180935,99,13.045642,80.385196,80.17923,13.114579,F
Programmer,1456,17,7041,91,12.9897,80.097606,80.197798,13.045361,M
Help Desk Operator,1588,17,29898,106,13.019766,80.021954,80.366334,13.005522,F
Help Desk Technician,1928,27,32646,90,12.966207,80.19361,80.384008,13.108765,F
Engineer,1387,69,89866,103,12.906006,80.39673,80.331474,12.965047,F
Chemical Engineer,1824,48,130910,93,13.106888,80.236114,80.291587,12.938139,F
Senior Quality Engineer,1512,18,25191,97,13.162164,80.148911,80.262284,13.155214,M
VP Marketing,1295,18,20649,106,13.179162,80.293036,80.143489,13.16631,F
Software Test Engineer,1585,36,94995,92,13.084844,80.282337,80.041728,13.108312,F
Administrative Assistant,1084,18,31741,91,12.910157,80.380121,80.047519,12.959072,M
Speech Pathologist,1809,30,255189,81,12.952019,80.229359,80.217938,13.196636,F
Systems Administrator,1561,43,207826,86,13.165445,80.133742,80.387886,13.109266,M
Executive Secretary,1556,28,120691,101,13.195352,80.314061,80.145254,13.059131,F
Marketing Assistant,1215,73,43160,99,12.909402,80.245543,80.238624,13.176566,M
Senior Sales Associate,1112,59,110126,89,13.003217,80.314405,80.308765,13.141902,M
Analog Circuit Design manager,1861,76,47067,81,13.134842,80.204808,80.055817,13.043743,M
Payment Adjustment Coordinator,1130,35,30284,88,13.147775,80.294628,80.137784,13.186806,F
Financial Advisor,1078,39,280123,102,12.960617,80.147588,80.311962,12.929975,M
Mechanical Systems Engineer,1912,35,154370,82,12.936534,80.070637,80.358552,13.137916,F
Social Worker,1446,18,14948,90,12.9244,80.363579,80.387021,13.155886,M
Operator,1674,38,14311,103,12.997121,80.059486,80.246719,13.124329,M
Product Engineer,1750,37,211224,85,13.19033,80.170117,80.030762,13.047191,M
Legal Assistant,1889,18,18832,103,12.974759,80.153711,80.2973,13.086671,M
Marketing Assistant,1587,51,129074,86,12.973121,80.349894,80.244159,12.91731,M
Environmental Specialist,1521,68,15151,91,13.022483,80.342333,80.031798,12.947398,F
Internal Auditor,1622,34,178790,94,13.184293,80.372906,80.0996,12.946305,F
Recruiting Manager,1254,71,56225,105,12.925314,80.176025,80.190489,13.080743,F
Quality Engineer,1170,22,190960,87,12.926928,80.066901,80.34728,13.108952,F
Research Nurse,1903,41,108175,92,13.19855,80.292045,80.136121,13.064849,M
Quality Control Specialist,1685,48,119710,93,12.916937,80.021246,80.027455,12.931971,M
Executive Secretary,1036,42,223773,93,13.076249,80.004105,80.270043,13.123865,F
Mechanical Systems Engineer,1216,76,40940,77,13.050597,80.070463,80.068708,13.173711,F
Project Manager,1722,23,259549,93,13.046926,80.349569,80.097753,13.17556,M
VP Quality Control,1694,53,31822,97,13.110527,80.353369,80.12603,13.063955,M
Research Associate,1577,30,42617,92,13.125343,80.27964,80.200746,13.102968,F
VP Quality Control,1775,49,181727,85,13.181287,80.175236,80.280486,12.920213,M
Speech Pathologist,1744,80,26003,93,13.15533,80.047524,80.226234,13.121422,F
Teacher,1612,40,93358,90,13.054497,80.257072,80.377795,13.144645,F
Accountant,1577,22,250372,101,13.176847,80.192679,80.176505,12.98803,F
VP Accounting,1390,36,259124,106,13.170334,80.277283,80.395455,12.963299,M
Operator,1649,44,243438,107,13.077291,80.103532,80.391063,12.975933,F
Cost Accountant,1349,57,46119,75,13.014787,80.254037,80.263518,13.051343,F
Software Consultant,1472,80,48298,91,12.939813,80.010746,80.198321,13.11068,F
Media Manager,1758,49,177679,109,12.96185,80.267406,80.317282,13.16162,F
Quality Engineer,1246,40,29252,88,13.194762,80.250277,80.019485,12.932154,M
Social Worker,1118,75,38937,88,13.164127,80.080735,80.398385,12.958677,F
Account Representative,1944,26,37881,108,13.157129,80.094077,80.143513,12.935124,F
Administrative Officer,1073,24,46760,111,13.146121,80.252068,80.037074,13.068355,M
Computer Systems Analyst,1882,60,110909,99,12.942876,80.191989,80.079833,13.149174,M
Internal Auditor,1838,56,202786,97,13.064619,80.350494,80.308076,13.18102,M
Teacher,1645,73,33751,101,13.097034,80.084161,80.068853,12.996225,M
Office Assistant,1631,16,17290,107,13.036574,80.042253,80.337172,13.004739,F
Nuclear Power Engineer,1652,80,31522,91,13.060535,80.135126,80.251478,13.181987,F
Quality Engineer,1075,53,295357,93,13.045847,80.3601,80.285126,13.007466,F
VP Quality Control,1319,33,221313,90,13.16869,80.247388,80.363454,13.103984,M
Nuclear Power Engineer,1917,28,161394,87,13.155088,80.025392,80.366081,13.180569,M
Chief Design Engineer,1902,49,76170,102,12.950804,80.008993,80.311496,12.925868,M
Information Systems Manager,1395,59,161206,95,13.085294,80.371716,80.238693,12.952235,F
Media Manager,1087,52,296761,102,12.929443,80.002845,80.126035,13.100545,M
Software Test Engineer,1741,49,96438,82,12.913562,80.113283,80.116832,12.941706,M
Product Engineer,1510,36,95627,93,13.005549,80.281849,80.28734,12.925131,F
Sales Associate,1189,24,103098,68,13.156395,80.111716,80.021468,12.994586,F
Associate Professor,1414,54,28199,91,13.127671,80.053001,80.095867,13.046567,F
Registered Nurse,1204,48,172233,106,12.98206,80.221769,80.094539,13.075608,M
Staff Scientist,1414,60,151929,80,13.1749,80.396373,80.095611,12.960459,M
Staff Accountant,1429,56,143089,98,13.055348,80.22504,80.063296,12.915276,M
Executive Secretary,1662,38,118621,97,13.105296,80.338067,80.269936,13.054015,M
Assistant Professor,1040,73,41336,104,12.964473,80.260998,80.076466,12.989929,M
Help Desk Operator,1361,36,229389,93,13.180859,80.045903,80.215851,13.108356,F
Assistant Media Planner,1328,32,137209,98,13.158723,80.37845,80.281773,13.097732,M
Geological Engineer,1060,26,25997,99,12.916236,80.266316,80.06347,13.128144,M
Clinical Specialist,1911,41,217719,94,13.045608,80.383976,80.385152,12.913459,M
Research Associate,1930,76,55893,100,13.173786,80.036917,80.113058,12.970277,M
Graphic Designer,1022,51,165934,86,12.965465,80.283413,80.062205,12.971414,M
Director of Sales,1314,63,219486,98,13.074952,80.318532,80.375023,12.911517,M
VP Sales,1583,48,62029,116,13.128044,80.239735,80.259312,12.977304,M
Payment Adjustment Coordinator,1396,47,164014,100,12.941286,80.361186,80.38291,13.077191,M
Safety Technician,1212,70,67287,102,12.973088,80.18483,80.1543,12.997399,M
VP Product Management,1031,77,43608,105,12.913786,80.116968,80.273168,12.913571,M
Clinical Specialist,1293,80,52126,100,13.006416,80.095277,80.21356,13.089057,M
Office Assistant,1347,61,74356,99,13.145931,80.095473,80.381697,13.024987,F
Geological Engineer,1314,59,30922,97,12.94839,80.360894,80.133625,13.018063,F
Sales Associate,1347,71,16702,84,13.046631,80.109889,80.2259,13.01608,F
GIS Technical Architect,1983,77,69242,108,13.037125,80.389272,80.355495,13.113545,M
Senior Sales Associate,1033,42,98981,98,13.10206,80.30377,80.161207,13.0832,F
Software Engineer,1376,16,10960,82,13.053901,80.184268,80.186775,13.169456,F
VP Sales,1264,35,225601,83,12.9193,80.073438,80.380512,12.977698,F
Teacher,1381,23,209930,105,13.052216,80.274943,80.165544,13.050465,M
Payment Adjustment Coordinator,1783,75,44587,99,13.073694,80.059199,80.090964,12.994179,F
Mechanical Systems Engineer,1253,76,45891,110,13.139074,80.079147,80.077671,12.964884,F
Speech Pathologist,1895,74,57166,90,12.994638,80.175794,80.128975,13.115742,M
Administrative Officer,1163,70,212176,98,12.996552,80.141006,80.238166,12.936876,M
Structural Analysis Engineer,1487,51,127675,114,13.037375,80.332832,80.083534,13.193816,F
Assistant Manager,1830,60,215682,110,13.130657,80.172382,80.031996,13.095152,M
Social Worker,1758,23,224231,108,13.075075,80.134684,80.308948,13.180474,M
Quality Control Specialist,1102,62,146657,89,13.087251,80.312104,80.062,13.000243,F
Marketing Manager,1762,28,200950,99,13.007443,80.325237,80.098331,12.986301,M
Account Executive,1512,70,204471,94,13.120725,80.380645,80.133759,12.900577,M
Accounting Assistant,1091,72,61272,90,13.1653,80.356555,80.068641,13.082063,M
Food Chemist,1645,29,52595,92,13.075685,80.308138,80.206379,13.19277,F
VP Accounting,1444,69,69167,92,13.054708,80.06192,80.061376,13.010447,M
Assistant Professor,1619,78,44120,114,13.189248,80.168089,80.285203,13.132065,M
Payment Adjustment Coordinator,1298,67,98846,101,13.070201,80.025948,80.036321,13.191895,M
Financial Advisor,1439,58,116164,95,13.177649,80.306561,80.270706,13.094433,F
Civil Engineer,1803,52,105145,104,12.939842,80.363268,80.03922,13.090293,M
VP Sales,1725,41,69882,92,13.004211,80.155075,80.320034,13.072353,M
Business Systems Development Analyst,1744,35,71642,100,13.101985,80.166726,80.200715,12.918923,M
Assistant Media Planner,1162,18,14320,95,13.068845,80.380071,80.339927,12.931675,F
Geologist,1915,62,94391,90,12.966218,80.31249,80.029666,13.001211,M
Social Worker,1537,57,253079,101,13.045042,80.181068,80.034459,13.030501,F
Environmental Tech,1396,37,71079,92,12.915203,80.025448,80.182784,13.112035,M
Director of Sales,1752,65,264600,98,13.15842,80.215202,80.014924,12.934085,M
Accounting Assistant,1088,16,23944,105,13.054094,80.043805,80.344455,13.058638,M
Staff Scientist,1237,64,213656,90,13.096304,80.120394,80.185638,13.175844,M
Senior Sales Associate,1568,62,157985,104,12.932563,80.235834,80.395517,13.097154,F
Software Test Engineer,1586,29,116183,90,12.959845,80.24115,80.37714,13.014367,M
Environmental Tech,1935,26,135671,84,12.916356,80.146246,80.00847,13.094877,M
Human Resources Assistant,1118,19,19919,108,13.078149,80.200154,80.180275,13.110374,M
Marketing Assistant,1596,50,102017,107,13.050319,80.339162,80.016355,12.920599,F
Compensation Analyst,1444,39,206366,102,13.048647,80.027772,80.231046,13.134902,F
Sales Associate,1994,20,157106,94,13.040625,80.241343,80.383448,13.080484,M
Financial Analyst,1079,17,34504,97,12.96072,80.066209,80.099027,13.004727,F
Marketing Manager,1698,74,37765,99,13.084742,80.309636,80.384603,13.132505,F
Systems Administrator,1774,25,75885,108,12.91131,80.302446,80.187319,13.108386,M
Senior Developer,1172,21,145454,94,13.11674,80.314049,80.394476,12.990243,F
Payment Adjustment Coordinator,1967,53,234118,92,13.164911,80.323092,80.221258,13.076767,F
VP Accounting,1189,77,53221,99,13.139632,80.238353,80.067649,13.161514,F
Developer,1839,54,21159,88,13.055584,80.278906,80.170192,12.973532,M
Data Coordiator,1018,22,89549,93,13.158622,80.398706,80.088603,12.912921,M
Mechanical Systems Engineer,1697,69,69560,93,13.050114,80.301568,80.110349,13.037811,M
Assistant Professor,1707,20,78013,97,12.920202,80.25134,80.310766,13.166963,F
Executive Secretary,1003,68,53718,112,13.086537,80.047403,80.375473,13.109648,F
Compensation Analyst,1250,75,47661,101,13.006105,80.075984,80.205567,13.11869,M
Senior Financial Analyst,1729,72,38984,90,13.169049,80.066699,80.026797,13.193372,M
GIS Technical Architect,1450,72,11140,112,13.010304,80.08411,80.059247,13.124849,M
Structural Engineer,1431,32,73158,89,13.131972,80.394248,80.178187,13.095365,F
VP Quality Control,1797,39,192856,87,13.119764,80.234357,80.221,12.902457,M
Safety Technician,1512,66,229365,100,12.959845,80.286708,80.342332,13.014274,F
Developer,1086,28,44409,84,13.127328,80.252359,80.133707,13.18728,M
Professor,1620,34,155884,104,12.924745,80.121194,80.348574,13.120811,M
Desktop Support Technician,1213,25,144979,105,13.125707,80.0755,80.274137,12.97618,F
Paralegal,1879,76,43729,103,13.023962,80.339287,80.21659,12.923458,F
Sales Representative,1314,79,35521,84,12.977212,80.185256,80.070723,12.923824,M
Nurse Practicioner,1470,66,23381,103,13.045257,80.011889,80.21935,13.155475,F
Electrical Engineer,1555,27,26366,99,13.072898,80.263406,80.24038,12.95105,M
Assistant Manager,1231,28,130995,94,13.046312,80.164226,80.170712,12.982964,M
Software Engineer,1838,47,167873,84,13.019123,80.237142,80.112107,12.99832,F
Help Desk Technician,1098,27,69854,95,13.088181,80.32297,80.272461,12.955911,F
Budget/Accounting Analyst,1045,33,95258,102,13.044959,80.219532,80.058035,13.101389,F
Analyst Programmer,1154,20,44960,87,13.140897,80.342837,80.391251,13.065161,M
Senior Sales Associate,1730,66,191818,85,13.000385,80.133121,80.280623,12.921684,F
Web Designer,1075,67,205318,80,12.955188,80.129335,80.173213,13.144806,M
Environmental Tech,1405,74,60901,102,12.985286,80.272393,80.159001,13.123966,F
Senior Quality Engineer,1806,48,17098,104,12.921175,80.300219,80.394494,12.978452,M
General Manager,1134,25,88548,82,13.046724,80.329938,80.23465,13.171163,F
Media Manager,1608,57,237738,100,12.932125,80.334505,80.128151,13.087224,F
Product Engineer,1583,31,294629,107,13.099765,80.025325,80.129534,13.026229,F
Operator,1650,68,205469,88,13.170102,80.054145,80.042832,13.070307,M
Marketing Assistant,1005,72,45170,70,13.09557,80.380775,80.204085,13.117586,F
Quality Control Specialist,1084,23,103303,123,13.089493,80.098547,80.018609,13.066675,M
Food Chemist,1020,58,161776,88,13.175866,80.156666,80.372179,13.085643,F
Speech Pathologist,1905,28,246408,92,13.006321,80.288879,80.210882,13.027458,M
Budget/Accounting Analyst,1499,39,56486,92,12.969733,80.39867,80.258342,13.16413,F
Desktop Support Technician,1326,34,211228,104,13.097848,80.161422,80.323785,13.045011,M
Food Chemist,1944,67,69142,88,12.927981,80.112467,80.301649,12.93029,M
Structural Engineer,1561,70,286565,95,12.963059,80.368789,80.380916,12.9343,F
Quality Engineer,1240,27,143970,86,13.056306,80.152483,80.116562,13.15641,M
Human Resources Assistant,1847,58,140136,90,13.001517,80.018114,80.013095,13.000065,M
Help Desk Technician,1423,40,91055,105,12.921749,80.047667,80.324454,13.040919,M
Junior Executive,1444,31,46701,91,13.145468,80.032247,80.208449,12.964623,M
Senior Developer,1772,72,33448,90,13.110529,80.197281,80.227976,13.093435,F
Structural Engineer,1921,58,53308,92,13.043351,80.070242,80.221029,12.991682,M
VP Accounting,1775,47,63695,103,13.031531,80.191236,80.272506,13.003639,M
Chief Design Engineer,1549,68,172668,89,12.952368,80.243,80.053445,12.927555,F
Marketing Manager,1333,25,217943,90,12.987172,80.384825,80.115798,13.138622,M
Analog Circuit Design manager,1154,54,13408,99,13.063199,80.004995,80.266304,13.152974,M
Occupational Therapist,1636,47,198962,99,12.984717,80.334581,80.335399,12.93984,M
Technical Writer,1525,52,91064,98,12.9128,80.037844,80.114613,13.058033,F
Analyst Programmer,1144,70,266968,89,12.904801,80.389288,80.084558,13.14264,M
Recruiting Manager,1186,36,295954,83,12.919482,80.208178,80.070842,13.089002,F
Information Systems Manager,1968,22,236798,107,13.047572,80.145832,80.013213,12.997556,F
Administrative Officer,1811,62,114798,97,13.017422,80.025949,80.34372,13.109128,F
Safety Technician,1918,27,116822,109,13.186119,80.036695,80.20248,13.026457,M
Statistician,1983,59,222964,101,13.021966,80.085583,80.177679,12.985883,M
Senior Developer,1426,71,41591,109,13.11198,80.397088,80.25092,13.190769,F
Environmental Tech,1241,65,141984,97,13.05672,80.061489,80.100318,12.94102,F
Clinical Specialist,1361,72,63048,97,12.922045,80.285353,80.327269,13.049492,M
Compensation Analyst,1279,41,76093,98,12.957575,80.284266,80.1185,13.16914,F
Staff Scientist,1800,27,202642,104,13.197321,80.128404,80.116517,13.180986,F
Staff Accountant,1385,47,100115,102,13.08998,80.215118,80.367499,13.184736,M
Cost Accountant,1151,44,290312,93,13.037211,80.378095,80.131275,12.992816,F
Systems Administrator,1470,63,108584,89,13.088264,80.127517,80.328458,12.90561,M
Cost Accountant,1180,74,54926,91,12.984427,80.106156,80.168746,12.988237,M
Sales Representative,1748,22,165630,101,13.037476,80.077348,80.173564,13.025246,F
Research Associate,1157,49,43213,95,12.991031,80.116701,80.283718,13.025456,F
VP Quality Control,1628,60,172769,97,12.933516,80.321613,80.228625,13.141354,F
Senior Cost Accountant,1804,57,106834,113,13.11454,80.19406,80.272104,12.973,M
Professor,1116,78,59784,97,13.015778,80.156476,80.290787,13.165711,F
Editor,1161,68,64337,105,12.915767,80.102261,80.177535,13.115492,F
Financial Analyst,1315,28,105759,99,13.180504,80.036778,80.054607,13.037498,M
Senior Quality Engineer,1433,39,278620,101,13.035995,80.362167,80.300355,13.161983,M
Human Resources Assistant,1340,20,59062,94,13.07104,80.217921,80.101366,13.023967,F
Analog Circuit Design manager,1645,76,37787,103,12.998809,80.270531,80.274107,12.989283,F
VP Sales,1656,64,72477,66,12.919696,80.240807,80.196138,13.105405,F
Product Engineer,1676,61,262333,101,13.012122,80.090779,80.175989,13.104289,M
Pharmacist,1506,32,172228,107,12.915555,80.117251,80.371295,13.141326,F
Food Chemist,1960,56,31998,93,13.111332,80.192386,80.004794,13.098942,M
Administrative Assistant,1322,58,22209,109,13.026202,80.394452,80.293395,12.990126,M
VP Marketing,1561,65,156941,96,13.157964,80.054222,80.057331,13.193147,M
Help Desk Technician,1056,22,129773,91,12.94782,80.326965,80.182022,12.997048,M
Sales Representative,1404,47,281580,87,13.159279,80.348645,80.232819,13.095004,M
Accountant,1312,24,160128,95,13.183977,80.017614,80.211507,13.077116,F
Social Worker,1341,56,66781,93,12.977228,80.124664,80.341434,13.004072,F
Professor,1522,27,192114,108,13.09466,80.184921,80.275545,12.916057,F
Accountant,1849,30,173738,105,13.008087,80.316871,80.389315,13.147486,F
Environmental Specialist,1389,69,174752,106,13.062128,80.282436,80.086214,13.142972,F
Director of Sales,1274,28,12298,99,13.067071,80.239379,80.037966,13.187817,F
Librarian,1007,22,175067,92,12.928563,80.121228,80.079915,13.151224,F
Electrical Engineer,1204,76,58949,87,13.135564,80.119743,80.316715,13.05212,M
Pharmacist,1384,19,11427,91,12.923298,80.352235,80.152557,12.917543,F
General Manager,1219,56,128757,101,13.181952,80.013123,80.383561,12.902905,M
Health Coach,1966,80,62271,95,13.107522,80.05904,80.044204,12.996238,F
Account Executive,1387,47,186809,93,13.089705,80.233461,80.104295,13.094672,M
Administrative Officer,1910,17,17610,111,13.010232,80.129593,80.32413,13.055163,F
Senior Sales Associate,1393,23,158363,90,13.125397,80.062497,80.047642,12.906569,M
Social Worker,1649,36,76234,114,13.19893,80.347568,80.289577,13.083868,F
Nuclear Power Engineer,1350,20,186223,94,12.939193,80.122408,80.231163,13.181633,F
Design Engineer,1844,22,175029,99,13.002431,80.293202,80.236242,13.187676,F
Tax Accountant,1170,30,225669,88,13.129497,80.262235,80.353799,13.014105,M
Information Systems Manager,1677,60,174903,100,13.069922,80.007027,80.017763,13.136021,F
VP Accounting,1269,78,45738,99,13.117119,80.279217,80.393813,13.108214,F
Office Assistant,1995,65,172160,101,13.13146,80.10584,80.035948,13.196508,M
Programmer Analyst,1260,36,133747,81,13.121647,80.062945,80.39605,12.950799,M
Engineer,1971,25,224445,81,12.911988,80.003803,80.023206,12.99194,M
Teacher,1611,39,43317,102,13.039402,80.030051,80.203432,13.020938,F
Account Representative,1547,34,116003,97,12.962169,80.377101,80.353144,13.121971,F
Desktop Support Technician,1183,57,49636,91,13.035614,80.111881,80.090146,13.113614,F
Biostatistician,1880,69,174186,77,12.992265,80.13862,80.082856,13.156381,F
Senior Quality Engineer,1875,27,160578,107,13.196003,80.316391,80.034244,13.198695,F
Software Consultant,1063,72,50646,98,12.999135,80.298061,80.397211,12.904717,F
Office Assistant,1778,45,50405,89,12.968099,80.10408,80.219626,13.008392,F
Registered Nurse,1064,53,289368,116,13.048996,80.219971,80.103197,12.960914,F
Software Consultant,1904,62,18574,76,13.143182,80.380146,80.093592,13.145258,M
Junior Executive,1589,41,124240,97,13.017636,80.36617,80.104881,13.135804,M
Quality Control Specialist,1290,72,64081,90,12.997556,80.049466,80.357576,13.00279,F
Business Systems Development Analyst,1285,56,126401,93,12.958174,80.286976,80.155691,13.081039,M
Civil Engineer,1107,31,32920,105,13.032359,80.351041,80.350581,13.038473,F
Research Associate,1828,26,239987,91,13.063972,80.280626,80.325421,13.141026,F
Product Engineer,1334,29,95037,75,12.948493,80.05989,80.164988,12.902003,M
Cost Accountant,1953,49,203230,93,13.001384,80.354469,80.311952,13.188633,F
Technical Writer,1527,59,16011,93,13.083204,80.063472,80.388263,13.058888,F
General Manager,1934,80,56229,86,13.005588,80.015508,80.263525,12.929321,M
Systems Administrator,1425,20,298987,95,13.097853,80.067424,80.191168,13.00582,F
Design Engineer,1544,33,31045,90,13.07981,80.27193,80.073797,13.152908,M
Software Engineer,1115,58,211720,102,13.051481,80.213764,80.022205,12.976594,M
Statistician,1097,73,14382,84,13.101187,80.180356,80.385574,12.901332,M
Health Coach,1600,68,99982,114,12.936734,80.003654,80.039764,13.074027,M
Professor,1978,20,78702,84,13.067256,80.17201,80.040559,12.958321,F
Junior Executive,1294,71,47068,101,13.187247,80.258173,80.232759,12.912555,M
Media Manager,1599,22,110109,97,13.083587,80.261394,80.026425,13.138694,M
Registered Nurse,1906,39,48933,90,13.06195,80.019125,80.23219,13.028314,F
Office Assistant,1850,65,213143,116,13.155355,80.174397,80.254617,12.957417,M
Operator,1715,35,125539,101,13.186051,80.028529,80.374089,13.144946,F
General Manager,1484,19,12006,87,12.988339,80.042134,80.312643,13.161283,M
Web Designer,1953,30,273833,92,13.069555,80.148732,80.258394,12.967275,M
Web Developer,1479,63,139737,87,13.060771,80.093849,80.119665,12.914309,F
Senior Financial Analyst,1411,21,192848,79,13.035043,80.109853,80.375119,13.110112,M
Junior Executive,1010,30,248889,89,13.122384,80.340016,80.376804,12.977452,M
Tax Accountant,1784,79,36301,81,13.168619,80.237225,80.222146,12.928384,M
Software Test Engineer,1814,78,45773,78,12.92907,80.146662,80.108877,13.130187,M
Teacher,1231,64,31858,98,13.066468,80.172503,80.320776,13.1257,F
Senior Cost Accountant,1302,58,233449,87,12.971232,80.076182,80.091162,13.174533,F
Safety Technician,1357,24,292760,91,13.088885,80.284806,80.148632,13.158444,M
Staff Accountant,1952,22,276805,108,13.187449,80.016876,80.08712,13.070629,M
Food Chemist,1532,76,41593,88,13.134557,80.323155,80.346134,13.191727,F
Electrical Engineer,1391,58,277544,87,12.949352,80.024462,80.049459,13.183347,M
Social Worker,1086,69,72753,102,13.122743,80.179345,80.012542,13.107228,F
Assistant Media Planner,1734,16,22416,78,13.187316,80.233024,80.306632,12.998113,F
Social Worker,1104,16,21065,94,13.010582,80.387396,80.007431,13.188844,F
Speech Pathologist,1782,20,145946,114,13.19888,80.073771,80.094986,13.009903,M
Director of Sales,1377,77,31962,98,13.160673,80.281625,80.061892,12.981852,F
Web Developer,1656,38,254497,86,13.045333,80.2507,80.077987,12.916116,F
Research Assistant,1710,22,270188,98,12.930011,80.257611,80.159933,13.005909,F
Software Engineer,1081,64,51294,107,13.104789,80.030095,80.007825,13.176179,M
Accounting Assistant,1774,41,276448,95,12.917356,80.134389,80.352887,13.132149,F
Marketing Manager,1127,70,243033,81,13.036247,80.035298,80.253032,13.035046,F
Mechanical Systems Engineer,1654,20,101805,107,13.149126,80.068959,80.052033,13.186151,F
Pharmacist,1397,42,176751,94,12.903032,80.00971,80.198966,13.121485,M
Research Nurse,1276,39,256124,104,12.971201,80.203905,80.041123,13.164288,M
VP Marketing,1064,30,65458,80,13.133261,80.304173,80.085355,13.099857,M
Analyst Programmer,1476,18,11470,82,13.010088,80.070935,80.20899,13.008258,F
Financial Analyst,1583,24,270754,101,13.087067,80.021642,80.169531,12.945513,F
Nuclear Power Engineer,1203,78,25718,88,12.958736,80.131084,80.336935,12.929085,M
Financial Analyst,1877,70,281778,82,13.134248,80.262725,80.137887,13.068209,M
Speech Pathologist,1793,69,215618,82,13.116233,80.341324,80.090405,12.985803,M
Environmental Tech,1795,40,187572,100,12.918521,80.02212,80.010729,13.056476,F
Structural Engineer,1374,47,269554,81,12.926696,80.311006,80.370919,13.154352,F
Accounting Assistant,1282,37,223703,94,12.970877,80.137604,80.210089,13.085305,M
Financial Advisor,1707,49,210981,88,13.173868,80.071798,80.107199,13.036657,M
Nurse Practicioner,1737,68,90323,102,13.128119,80.291207,80.290418,13.198748,M
VP Quality Control,1656,17,19035,95,13.146322,80.213492,80.338277,13.033228,M
Staff Scientist,1310,69,75129,88,12.99817,80.140108,80.240685,13.11027,M
Sales Representative,1495,39,165618,101,13.06706,80.105834,80.100294,13.086869,M
Structural Analysis Engineer,1931,79,34314,84,12.976969,80.040662,80.344045,12.913507,M
Accountant,1655,45,171567,95,13.155837,80.396174,80.116091,13.173015,F
Nuclear Power Engineer,1197,40,202098,111,12.948397,80.316103,80.201553,12.970483,F
General Manager,1598,79,42745,110,13.010782,80.01122,80.040651,12.941914,M
Assistant Professor,1062,22,56202,94,13.071667,80.208302,80.321578,13.171227,F
Librarian,1740,59,129309,116,13.170094,80.063634,80.008178,13.131419,F
Data Coordiator,1984,25,248699,82,13.174147,80.093163,80.355193,12.980958,F
Electrical Engineer,1786,77,36560,95,12.986441,80.333355,80.161196,13.042356,F
Human Resources Assistant,1486,64,128377,102,13.038145,80.061556,80.055777,12.936714,M
Administrative Officer,1528,25,64145,88,12.98174,80.317074,80.104145,12.951393,F
Assistant Media Planner,1952,36,12270,112,12.941891,80.07336,80.139332,13.110196,F
Programmer Analyst,1468,76,52386,94,13.067441,80.39745,80.260643,13.081766,F
Physical Therapy Assistant,1997,59,262119,99,12.969521,80.230547,80.086916,13.12332,F
Developer,1748,77,44137,84,13.002663,80.096683,80.138634,13.023572,F
Automation Specialist,1792,76,28509,94,12.954696,80.183092,80.20024,13.159442,M
Account Executive,1356,63,30547,97,12.942612,80.330708,80.281725,13.004879,M
Senior Financial Analyst,1102,25,143647,94,13.011067,80.154111,80.174538,13.163372,M
Sales Representative,1264,42,146302,85,13.105579,80.151023,80.185835,13.147468,M
Senior Sales Associate,1812,56,212532,82,13.153788,80.387228,80.38975,13.124025,M
Health Coach,1730,53,226781,79,13.038395,80.158377,80.156893,13.10674,M
Marketing Assistant,1927,80,51824,101,12.90578,80.163615,80.153458,13.193421,F
Quality Engineer,1188,61,254305,100,12.996171,80.113932,80.022882,13.029046,F
Product Engineer,1655,77,23459,82,12.945103,80.014632,80.100667,13.057631,F
Research Associate,1562,61,240695,93,12.989159,80.292147,80.240868,13.013681,F
Actuary,1491,63,166539,102,13.035714,80.276601,80.347689,13.135884,M
Computer Systems Analyst,1913,18,22548,102,12.94454,80.351396,80.096249,13.178268,M
Assistant Professor,1929,42,234152,101,13.173816,80.140867,80.037537,13.160217,F
Sales Representative,1312,33,288884,96,12.9313,80.376381,80.320377,13.047691,M
VP Product Management,1252,19,15756,105,13.077611,80.374147,80.037692,12.904822,F
Senior Sales Associate,1041,43,290919,85,13.163526,80.207968,80.212757,13.030922,F
Web Developer,1795,23,237121,89,13.092575,80.337975,80.032437,12.941027,F
Clinical Specialist,1808,65,86008,92,12.999521,80.144938,80.399355,12.904785,M
Health Coach,1493,78,64182,86,12.954557,80.174277,80.166547,13.128411,M
Accounting Assistant,1651,30,236345,92,13.031821,80.07236,80.169938,13.185834,F
Tax Accountant,1981,22,234166,90,13.07897,80.007929,80.395323,13.023554,F
Physical Therapy Assistant,1284,80,40689,108,13.132054,80.25083,80.343053,13.078526,F
Developer,1225,67,193128,109,13.04211,80.150524,80.034442,13.118143,F
Nurse Practicioner,1889,39,44834,80,12.967378,80.365541,80.003139,13.169427,F
Human Resources Manager,1788,32,255053,98,12.988288,80.213766,80.123607,12.988584,M
Compensation Analyst,1760,54,146614,106,13.024899,80.067394,80.293172,12.988306,F
Senior Financial Analyst,1379,48,188210,77,13.195059,80.185256,80.234903,13.159271,F
Pharmacist,1677,57,21453,109,12.925241,80.036034,80.240229,12.986893,F
Assistant Manager,1286,74,36262,86,13.151935,80.02049,80.084028,13.132178,F
Staff Accountant,1021,16,16091,81,13.148393,80.262009,80.331487,12.934442,F
Cost Accountant,1282,31,212730,96,13.0353,80.188596,80.134577,13.104605,F
Operator,1060,35,18811,93,12.963234,80.229604,80.15685,13.029289,F
Dental Hygienist,1753,65,194240,96,12.918053,80.163599,80.097992,12.938388,M
Senior Sales Associate,1907,40,288152,97,13.149639,80.155454,80.174037,13.12026,M
Analog Circuit Design manager,1966,50,273165,102,12.901165,80.124925,80.09645,13.031778,M
VP Accounting,1332,18,4769,116,12.990824,80.374268,80.031618,13.190461,F
Administrative Assistant,1268,18,33014,87,12.906933,80.382314,80.107379,12.969025,F
Executive Secretary,1527,80,59557,76,13.182721,80.267848,80.083603,13.113444,F
Help Desk Operator,1157,73,49820,82,13.075832,80.212163,80.097122,12.939395,F
Structural Analysis Engineer,1964,76,33816,107,12.912239,80.184786,80.391749,12.939143,F
Senior Developer,1031,75,12614,83,12.940985,80.251308,80.227128,13.048737,F
Recruiter,1627,39,269237,92,13.185601,80.382631,80.371377,13.19895,F
Product Engineer,1535,30,63344,83,13.10092,80.091803,80.167107,12.907444,F
Editor,1672,79,48710,96,13.137702,80.125056,80.115622,13.0421,F
Web Designer,1591,77,48872,91,13.122668,80.136457,80.257987,13.112431,F
Accountant,1519,18,22278,94,13.112966,80.279009,80.059837,13.015714,F
Account Coordinator,1881,40,156443,102,12.946273,80.304747,80.068517,13.042806,M
Accounting Assistant,1472,56,71182,105,12.950002,80.227269,80.060231,13.041497,M
Legal Assistant,1777,51,49703,91,13.059576,80.110049,80.39386,13.065251,M
Environmental Tech,1989,33,29928,79,13.088577,80.165545,80.15107,13.092413,M
Senior Cost Accountant,1518,57,62309,81,12.935813,80.245999,80.03115,13.071573,M
VP Product Management,1712,44,236193,74,12.940418,80.060833,80.204532,12.954677,M
Teacher,1931,50,219002,77,12.971307,80.278077,80.222926,13.001353,M
Geological Engineer,1755,60,133523,92,13.072359,80.228868,80.213886,13.176497,F
Clinical Specialist,1179,69,16954,97,13.125694,80.284144,80.211228,13.154699,F
Recruiter,1315,61,147793,95,13.175798,80.328764,80.064916,13.048851,M
Research Associate,1088,67,259815,106,13.028011,80.097395,80.126746,13.184372,F
Help Desk Technician,1969,68,82848,103,13.188483,80.152433,80.300365,13.130914,M
Safety Technician,1218,44,37194,97,12.935709,80.043065,80.211855,13.091172,M
Web Designer,1280,24,28334,115,12.933591,80.082539,80.159955,12.961397,F
Nuclear Power Engineer,1962,74,59503,111,13.13662,80.076433,80.364895,13.137684,F
Compensation Analyst,1819,38,125203,103,13.195813,80.318729,80.297392,12.901291,F
Marketing Assistant,1423,40,85471,96,13.0387,80.069826,80.171201,12.98556,M
Structural Engineer,1306,71,54286,102,12.991273,80.007848,80.013163,13.091491,M
Editor,1371,57,238274,94,12.972238,80.008326,80.202845,12.943683,M
Assistant Media Planner,1073,17,6604,102,13.119794,80.23659,80.081718,13.051965,M
Help Desk Technician,1375,74,62188,92,13.038982,80.032384,80.226022,13.063983,M
Graphic Designer,1783,23,145263,102,12.981676,80.064454,80.265689,13.044628,F
Safety Technician,1292,35,57265,95,13.115513,80.383558,80.287264,12.989319,F
VP Quality Control,1509,56,61512,88,13.125428,80.298485,80.386338,13.125701,F
Senior Quality Engineer,1615,37,282834,92,12.924765,80.075111,80.208152,13.197888,M
Civil Engineer,1345,22,79234,91,13.001579,80.388316,80.391727,12.961207,M
Senior Cost Accountant,1007,62,101373,106,13.13588,80.341146,80.074313,12.927519,M
Desktop Support Technician,1214,63,252847,102,12.985437,80.388979,80.259176,13.002591,F
Research Nurse,1499,42,241681,98,12.981925,80.19597,80.196579,13.116826,F
Systems Administrator,1898,68,286550,98,13.018505,80.364066,80.001319,13.087688,F
Pharmacist,1112,70,198205,97,13.094182,80.100705,80.167756,13.171947,F
Cost Accountant,1080,28,30989,92,13.106157,80.161921,80.099129,13.197485,M
Chief Design Engineer,1765,65,62937,91,12.91817,80.264561,80.004512,12.962756,F
Product Engineer,1091,34,64906,112,13.132737,80.035982,80.185393,12.942643,M
Web Developer,1139,38,38044,101,13.09835,80.365235,80.051145,13.005253,M
Nurse Practicioner,1882,46,208070,97,13.042344,80.171782,80.038264,12.934158,M
Web Developer,1991,69,146597,82,13.025579,80.341808,80.07476,12.959031,M
Safety Technician,1104,60,156024,111,13.065061,80.009221,80.12306,13.090249,F
Sales Representative,1372,36,58675,103,13.091357,80.297628,80.173617,12.953638,F
Business Systems Development Analyst,1023,18,11818,92,13.135106,80.253952,80.280918,12.94769,F
Occupational Therapist,1158,70,285894,87,12.939281,80.27139,80.048005,12.969728,M
Accounting Assistant,1074,45,54617,99,12.96081,80.068063,80.11983,13.038821,F
Administrative Assistant,1894,51,267313,104,13.02334,80.002623,80.375573,12.9462,M
Staff Accountant,1061,57,67919,112,13.053752,80.163639,80.247865,12.939298,F
Automation Specialist,1145,74,54457,107,13.016518,80.368285,80.167552,13.133453,F
Teacher,1028,69,180205,103,13.007544,80.220819,80.125311,13.02707,F
Account Representative,1723,54,249102,95,13.09915,80.334909,80.021389,13.01712,F
Cost Accountant,1891,37,87595,109,12.908859,80.160685,80.094979,13.045445,F
Media Manager,1398,43,83669,106,12.918932,80.351275,80.321908,12.958026,M
Programmer Analyst,1234,51,199251,85,13.137104,80.108991,80.393278,13.03262,M
Data Coordiator,1007,78,39286,94,13.070123,80.069354,80.183668,13.152497,M
Mechanical Systems Engineer,1010,67,70796,94,12.930744,80.307352,80.164003,12.974334,M
Food Chemist,1876,24,65637,90,13.023055,80.173104,80.307733,12.91212,M
Database Administrator,1354,64,45305,86,12.925399,80.319357,80.185936,13.015537,F
VP Sales,1352,62,283271,92,13.161083,80.338346,80.375589,12.956289,F
Mechanical Systems Engineer,1927,32,16379,91,12.920563,80.375391,80.098205,12.955562,M
Research Nurse,1884,59,188726,99,13.012562,80.041249,80.011633,13.171501,M
Chemical Engineer,1141,31,126981,86,13.110283,80.320986,80.221257,12.924454,M
Cost Accountant,1509,72,47837,108,13.183823,80.002787,80.023268,12.958723,F
Human Resources Assistant,1409,53,51377,91,12.982107,80.151951,80.083596,13.01471,M
Safety Technician,1360,44,121000,87,13.151976,80.254589,80.301828,13.084575,F
Recruiter,1453,36,161766,100,13.198386,80.128918,80.225055,13.016355,F
Speech Pathologist,1958,36,187614,83,13.154044,80.272923,80.139836,13.193716,M
Web Designer,1015,38,91053,82,12.925481,80.344522,80.270945,12.955982,F
Editor,1679,58,128759,112,12.935467,80.19735,80.184935,13.080862,F
Executive Secretary,1383,63,143799,93,13.075769,80.110394,80.139024,13.052438,M
Database Administrator,1853,71,60057,101,13.037534,80.381503,80.093937,12.950101,M
Web Developer,1893,67,237596,98,12.9815,80.127492,80.17971,13.037646,M
Help Desk Operator,1230,66,63506,99,13.073235,80.047734,80.205277,12.94482,F
Administrative Officer,1130,63,182195,95,13.014366,80.112089,80.033431,13.086097,M
Senior Developer,1642,43,272875,83,13.174364,80.398016,80.166074,12.914733,M
Financial Advisor,1621,50,92610,97,13.090516,80.12243,80.221628,13.128044,M
Technical Writer,1493,29,172673,93,12.915366,80.213901,80.16454,13.054441,M
Account Representative,1140,62,96860,87,13.012784,80.277912,80.245974,13.168995,M
Quality Engineer,1511,41,117563,95,13.001252,80.134398,80.204714,13.195756,M
Analog Circuit Design manager,1176,59,35428,91,13.138431,80.248406,80.149476,13.097076,M
Systems Administrator,1185,55,117557,85,12.970717,80.033776,80.114041,13.07681,F
Safety Technician,1865,48,271968,113,13.036705,80.182178,80.342091,13.118747,M
Project Manager,1311,72,58349,101,13.147593,80.315943,80.04188,13.036794,M
Web Developer,1660,75,41917,106,12.992139,80.393889,80.157448,13.153969,F
Programmer,1965,18,21944,97,13.095475,80.002062,80.062115,12.97718,M
Research Nurse,1620,77,40099,90,12.97625,80.370775,80.290201,13.061585,M
Technical Writer,1418,37,64611,103,12.914809,80.209078,80.194819,12.970143,M
Assistant Media Planner,1714,62,171314,103,13.061883,80.092515,80.091847,13.154159,M
Programmer Analyst,1683,20,143037,89,12.91049,80.271968,80.184871,13.11302,M
Social Worker,1558,61,152690,99,13.165429,80.380127,80.282605,13.129907,M
Database Administrator,1920,56,251707,87,13.129222,80.33088,80.085227,13.131999,F
Web Designer,1507,55,63235,101,12.938007,80.256862,80.374625,12.942308,F
Actuary,1669,18,27408,83,13.1305,80.277512,80.06622,13.146395,F
Junior Executive,1218,17,26700,113,12.946014,80.20148,80.360837,12.99517,M
Programmer,1053,56,64009,98,13.163382,80.023337,80.23441,13.162997,M
Account Coordinator,1536,62,79681,103,13.064693,80.305015,80.173001,13.189865,F
Data Coordiator,1782,68,202747,97,12.955602,80.175279,80.253894,13.18381,F
Social Worker,1714,51,274546,105,13.048774,80.18815,80.185667,12.987532,F
Pharmacist,1524,64,61600,85,13.068799,80.208165,80.36966,13.153929,M
Office Assistant,1902,33,59527,87,12.915976,80.090487,80.02073,12.96067,F
Librarian,1233,58,190008,93,12.928323,80.289843,80.197582,13.159268,F
Developer,1302,46,266037,89,13.079441,80.158668,80.10016,12.958113,F
Electrical Engineer,1870,53,200625,89,13.019049,80.016116,80.122071,13.173006,M
Occupational Therapist,1402,50,288692,98,12.984599,80.068944,80.302893,13.052211,F
Accountant,1008,52,74938,89,13.126944,80.23114,80.370042,13.127175,F
Geologist,1713,47,129417,90,13.104209,80.127784,80.059544,13.009807,F
Programmer Analyst,1425,52,256438,91,13.099949,80.077081,80.136129,13.069564,M
Teacher,1744,16,21741,90,13.032652,80.231731,80.105709,13.044572,M
VP Marketing,1812,18,16939,103,12.933018,80.305203,80.257572,12.997929,F
Developer,1783,28,171466,90,13.169107,80.337866,80.024239,13.138178,M
Environmental Specialist,1560,25,196171,107,12.996585,80.120785,80.046707,12.940185,M
Assistant Professor,1643,16,24651,95,13.055479,80.162899,80.380622,13.012458,M
Statistician,1684,76,49740,106,13.1847,80.250558,80.02156,13.011316,F
Health Coach,1762,18,20883,90,13.101195,80.025116,80.348637,12.968909,F
VP Marketing,1429,52,10840,107,13.158271,80.057948,80.01015,13.13973,M
Senior Editor,1185,35,276635,94,12.994625,80.207189,80.250572,13.178927,F
Teacher,1405,39,63917,105,12.957742,80.10649,80.229575,13.109933,M
Database Administrator,1999,22,142687,96,13.144011,80.274814,80.178832,12.960514,F
Office Assistant,1072,49,56972,89,12.928235,80.267611,80.071014,13.088209,F
Professor,1202,31,201171,87,12.950083,80.343836,80.356643,13.16014,F
Clinical Specialist,1133,21,32966,84,12.965159,80.146759,80.187532,12.96747,M
Social Worker,1574,20,240185,90,12.913875,80.279932,80.093741,13.019192,F
Pharmacist,1235,22,261586,94,12.919426,80.317662,80.119484,13.154093,M
Professor,1037,41,42368,95,13.001216,80.116594,80.128037,13.176833,F
Legal Assistant,1848,39,142509,96,13.046566,80.269647,80.329056,13.141006,F
Occupational Therapist,1248,30,144464,96,13.044274,80.299857,80.027195,13.195979,F
Data Coordiator,1599,28,228400,115,13.172432,80.213373,80.086558,13.033174,F
Sales Associate,1876,44,41487,115,13.187537,80.246708,80.20387,12.964219,M
Paralegal,1786,42,10827,87,13.079699,80.352676,80.109286,12.929265,F
Legal Assistant,1446,42,196578,101,13.064691,80.019411,80.28008,12.966672,M
Software Consultant,1008,20,239021,89,13.043595,80.240551,80.006127,12.983373,F
Automation Specialist,1226,59,246242,81,12.919006,80.01716,80.339053,12.927554,F
Electrical Engineer,1758,44,100558,96,13.098635,80.213599,80.064882,13.063836,F
Physical Therapy Assistant,1564,34,43051,79,13.123742,80.279167,80.167444,12.941015,F
Staff Scientist,1347,17,39074,87,13.110907,80.159985,80.362632,13.130657,F
Software Test Engineer,1003,59,251401,84,13.008467,80.361798,80.113233,12.954901,M
VP Marketing,1924,67,232711,99,13.097312,80.085217,80.344314,12.901271,F
Account Coordinator,1771,74,33817,104,13.163506,80.116581,80.19347,13.175484,F
VP Product Management,1501,66,53210,95,12.932369,80.082557,80.053168,12.910296,M
VP Quality Control,1519,42,105690,95,13.130725,80.346059,80.092723,13.104543,F
Nurse,1692,23,287316,98,12.93645,80.331171,80.280955,12.951758,M
Geologist,1833,43,59457,115,12.980623,80.338099,80.121674,13.093091,F
Tax Accountant,1595,42,292819,106,13.10629,80.372793,80.208815,13.088699,M
Pharmacist,1005,31,30361,97,13.087145,80.130945,80.126859,13.199557,M
Financial Advisor,1156,74,44490,103,13.079504,80.245346,80.299334,13.064177,M
Community Outreach Specialist,1900,35,94110,93,13.197456,80.372962,80.270549,13.111236,F
VP Sales,1100,17,12149,98,13.178479,80.062764,80.188049,12.94151,F
Sales Representative,1230,55,39038,99,13.048407,80.114751,80.083199,13.109146,M
VP Product Management,1992,60,200458,95,12.944404,80.224175,80.109008,13.050686,M
Design Engineer,1738,61,185451,89,13.165963,80.309129,80.008438,13.034944,F
VP Marketing,1152,52,180953,98,13.149672,80.185003,80.177106,13.063308,F
Internal Auditor,1553,25,10296,96,13.089084,80.305143,80.06479,13.152101,M
Geologist,1191,68,169601,100,12.911285,80.013569,80.033589,13.191684,F
Dental Hygienist,1917,60,187695,86,13.001585,80.354381,80.327493,12.953066,M
Research Associate,1456,20,232990,79,12.956627,80.054094,80.038784,12.932891,F
Product Engineer,1396,30,262244,87,13.196656,80.031449,80.019789,13.01642,F
Senior Developer,1401,59,71175,100,13.021507,80.289953,80.377206,13.086607,F
Teacher,1978,62,197752,81,13.106681,80.103131,80.165777,12.998159,F
Electrical Engineer,1020,21,47468,100,13.004338,80.382765,80.085938,13.072277,F
Nuclear Power Engineer,1132,79,42060,93,12.964152,80.17728,80.126049,13.14909,M
Automation Specialist,1590,23,154016,100,13.167501,80.209643,80.227846,12.958138,F
Legal Assistant,1574,77,49341,82,13.073582,80.212476,80.231198,12.951582,M
Structural Engineer,1843,47,32971,93,12.974847,80.121843,80.322728,12.944136,F
Health Coach,1547,22,289182,97,13.185147,80.236927,80.050352,12.970582,M
Mechanical Systems Engineer,1720,47,164166,116,12.921299,80.20361,80.366296,12.931249,M
Senior Financial Analyst,1163,71,49622,79,13.15445,80.215326,80.28311,13.012869,M
Analog Circuit Design manager,1351,48,106369,95,13.158133,80.325115,80.201724,13.144681,M
Director of Sales,1300,37,74146,103,13.132483,80.220699,80.028827,13.033904,F
Research Nurse,1444,23,213219,97,13.096583,80.127522,80.064227,12.988954,M
Accountant,1685,27,46158,85,12.942617,80.080241,80.355699,12.940659,F
Senior Developer,1865,45,66026,104,13.054356,80.290396,80.332488,13.061087,F
Automation Specialist,1277,29,187564,69,12.99513,80.207314,80.272036,13.110386,F
Safety Technician,1150,79,31366,90,12.90007,80.008369,80.074335,12.946331,M
Biostatistician,1947,47,123980,108,13.138888,80.258664,80.182412,13.182227,M
Senior Developer,1808,64,201624,88,13.13413,80.066365,80.102999,13.10323,M
GIS Technical Architect,1595,59,114190,117,13.144617,80.320079,80.369152,13.051265,F
Nuclear Power Engineer,1922,71,56878,94,13.102488,80.045954,80.327341,12.964931,M
Director of Sales,1038,78,57493,108,13.159458,80.131977,80.280376,13.046361,M
VP Quality Control,1337,22,197907,109,13.04352,80.284148,80.254082,12.963656,F
Tax Accountant,1451,37,241691,86,13.105624,80.07792,80.168052,13.130348,F
Account Executive,1450,29,121222,92,12.904461,80.308246,80.313943,12.92643,M
VP Accounting,1190,45,286918,88,13.026565,80.212968,80.233485,13.122651,F
Librarian,1336,57,117952,96,12.946844,80.080742,80.308879,13.022631,M
Software Test Engineer,1744,66,70507,104,13.148342,80.152596,80.23003,13.18184,M
Information Systems Manager,1438,78,59218,87,12.936268,80.275534,80.09019,13.025551,F
Systems Administrator,1985,18,24501,99,12.983357,80.29856,80.084814,13.145309,M
Senior Quality Engineer,1550,24,122662,90,13.195192,80.283291,80.039863,12.962599,F
Business Systems Development Analyst,1690,23,140761,102,13.169718,80.093871,80.343224,13.084148,F
VP Sales,1178,28,87921,87,13.070606,80.113946,80.337755,12.961965,F
Physical Therapy Assistant,1649,69,101326,91,13.102685,80.223936,80.355645,13.141785,F
GIS Technical Architect,1740,19,18565,100,13.19758,80.206088,80.273679,12.989069,M
Web Developer,1218,47,130936,97,13.10362,80.212717,80.027676,12.985887,F
Office Assistant,1404,66,120788,90,13.138296,80.349309,80.373415,13.073166,F
Marketing Assistant,1683,52,100378,82,13.186054,80.053759,80.25,13.033992,F
Structural Analysis Engineer,1503,18,20640,87,13.108905,80.306488,80.194608,13.154753,F
GIS Technical Architect,1154,21,136709,97,12.981964,80.085738,80.140633,13.010624,F
VP Product Management,1196,75,32247,92,13.170047,80.200527,80.368615,12.908127,F
Sales Representative,1268,43,89562,99,13.164605,80.146851,80.254517,13.017956,M
Senior Sales Associate,1040,77,32276,88,13.120303,80.0414,80.304801,13.097489,M
Marketing Manager,1235,29,243232,110,13.134451,80.356938,80.172958,13.151122,F
Quality Engineer,1812,72,29458,90,12.98863,80.286599,80.267213,13.03942,M
Marketing Manager,1670,18,28790,92,13.159221,80.114491,80.254971,13.097655,M
Environmental Tech,1966,77,56601,120,13.160595,80.229233,80.176454,12.901437,F
Actuary,1980,46,191675,87,13.073057,80.17907,80.049299,13.142464,F
Nurse,1196,64,164033,87,13.072623,80.164929,80.364265,13.019472,F
Analog Circuit Design manager,1037,44,229138,97,13.135274,80.137676,80.047143,13.103457,F
Actuary,1175,26,203500,88,12.98164,80.245826,80.187685,13.064498,M
Senior Financial Analyst,1220,78,54381,85,13.035572,80.356863,80.088043,13.093127,F
Food Chemist,1419,20,65141,75,12.938262,80.069321,80.313334,13.099598,F
Programmer,1955,80,51166,106,12.946287,80.013487,80.144855,13.087191,M
Desktop Support Technician,1383,76,43636,90,12.928445,80.236966,80.062887,12.937319,M
Assistant Professor,1002,71,36072,85,13.144994,80.376316,80.195957,13.055286,F
Director of Sales,1450,39,119205,86,13.060039,80.007224,80.19426,12.93357,F
Speech Pathologist,1007,36,149338,97,12.966507,80.088746,80.120059,12.907749,M
VP Sales,1157,77,39683,91,13.187027,80.267306,80.139463,13.171756,F
Business Systems Development Analyst,1609,28,16897,119,12.907829,80.001861,80.050296,12.927925,M
Nurse,1156,59,274002,97,13.041826,80.295749,80.137884,13.12394,F
Analyst Programmer,1022,39,223997,98,12.967368,80.103994,80.283071,13.176844,F
Senior Quality Engineer,1723,34,195332,95,13.177446,80.357903,80.030284,12.995974,M
Assistant Professor,1498,28,31365,98,13.170538,80.293002,80.082974,13.1137,F
Account Representative,1239,80,55830,98,12.901856,80.374275,80.076016,12.922765,M
Speech Pathologist,1824,27,227244,92,13.148349,80.283495,80.014103,13.109105,F
Sales Representative,1293,50,211740,88,12.967213,80.119921,80.066955,12.90868,F
Pharmacist,1991,26,72416,92,12.996993,80.303256,80.396543,13.110654,M
Nurse Practicioner,1784,76,57389,97,13.082209,80.013847,80.184282,13.024127,F
Chemical Engineer,1947,75,56885,90,13.145128,80.27527,80.245002,12.954092,M
Database Administrator,1618,29,70923,100,12.916494,80.222359,80.150354,12.986437,F
Analyst Programmer,1752,29,186373,97,12.995573,80.283652,80.012918,13.01882,F
Programmer,1524,37,146695,95,13.158093,80.198319,80.07762,12.902358,M
Research Associate,1458,18,8038,95,12.955499,80.1772,80.357375,13.196253,F
Tax Accountant,1196,71,31210,69,13.081308,80.098751,80.289122,13.077172,M
Executive Secretary,1074,42,232397,104,12.950681,80.068988,80.130275,13.143267,M
Design Engineer,1231,46,260144,98,13.173993,80.11703,80.095462,12.903684,F
Senior Developer,1641,23,76149,106,12.980902,80.233217,80.079827,13.035058,M
Civil Engineer,1997,38,21090,114,13.159057,80.284736,80.085567,12.971071,M
Geological Engineer,1380,21,191619,113,13.19789,80.309964,80.32839,12.915087,F
Sales Representative,1127,53,12198,74,12.977936,80.027056,80.155833,13.15482,M
Programmer Analyst,1340,58,268001,94,13.108443,80.20779,80.063296,13.038576,F
Data Coordiator,1810,80,53625,87,12.986984,80.132142,80.190701,12.941921,M
Staff Scientist,1669,57,17828,92,13.044659,80.126889,80.066234,13.170044,F
Quality Engineer,1372,33,183636,104,12.946503,80.36059,80.211288,12.906243,F
VP Product Management,1978,59,163143,104,13.015771,80.140796,80.384839,13.012316,F
Marketing Manager,1031,25,254520,99,12.960089,80.258512,80.212875,13.116868,M
Statistician,1160,35,205526,96,13.108665,80.107961,80.282198,13.092603,F
VP Product Management,1095,46,69961,89,13.0063,80.367513,80.262977,12.954606,M
Software Test Engineer,1173,77,33435,85,12.926614,80.161675,80.292082,12.927031,M
Payment Adjustment Coordinator,1328,78,52578,107,12.980049,80.058842,80.079482,13.07002,M
VP Quality Control,1980,35,52379,89,12.953942,80.213143,80.169187,12.981822,F
Systems Administrator,1208,37,138441,94,13.1741,80.308461,80.375584,12.910816,F
Social Worker,1241,77,45270,97,13.069755,80.314654,80.003786,13.064637,F
Environmental Tech,1925,75,36829,83,13.073727,80.385774,80.30884,12.921638,F
Sales Representative,1489,35,233122,89,13.021153,80.289313,80.242433,13.071836,F
Actuary,1876,65,152088,98,13.169554,80.249914,80.052909,13.078424,F
Design Engineer,1175,20,60327,93,13.069485,80.063209,80.219641,12.935492,M
Programmer Analyst,1268,59,102385,89,13.070306,80.117133,80.371498,12.970702,M
Assistant Media Planner,1515,50,243522,115,13.123099,80.301112,80.016739,13.031378,M
Social Worker,1534,60,62033,102,12.902239,80.262265,80.112441,13.145026,M
Office Assistant,1289,62,206734,97,13.098663,80.356638,80.022342,12.917708,M
Geological Engineer,1473,20,200509,124,13.129784,80.010416,80.199949,13.152315,M
Software Consultant,1673,70,174905,105,13.097496,80.044967,80.353421,12.91691,F
Analog Circuit Design manager,1459,70,199725,93,13.097899,80.292098,80.389764,13.132128,M
Database Administrator,1793,23,166197,100,13.03134,80.090548,80.154352,13.148771,M
Professor,1376,57,141867,80,13.16259,80.067727,80.301609,12.959945,F
Graphic Designer,1093,52,265138,99,13.088976,80.185701,80.046988,13.076215,F
Research Nurse,1977,22,224550,107,13.053178,80.278932,80.084833,13.170919,F
Actuary,1766,54,99783,90,13.189002,80.359678,80.021443,12.998328,F
Accounting Assistant,1675,35,247803,100,13.177478,80.034244,80.160316,13.129578,F
Staff Accountant,1165,45,297139,109,13.187424,80.181038,80.267671,13.162468,F
Recruiting Manager,1943,21,121850,106,13.129851,80.351857,80.221159,13.025365,M
Analog Circuit Design manager,1704,17,13279,101,12.944279,80.385844,80.079329,12.976616,F
Structural Engineer,1594,52,154552,91,12.993479,80.017164,80.027672,13.027897,M
Account Coordinator,1827,73,58777,91,13.059713,80.240819,80.176009,13.157878,F
Senior Quality Engineer,1313,70,287774,93,12.968918,80.100315,80.007501,13.185205,F
Librarian,1513,37,239770,94,13.093981,80.217581,80.284474,13.075985,F
Web Designer,1089,62,137953,96,13.096131,80.15373,80.321592,12.976349,M
Sales Associate,1581,79,33616,104,13.170907,80.234458,80.216539,13.006265,M
Nuclear Power Engineer,1512,44,112362,115,13.070925,80.259521,80.358019,13.143827,M
VP Marketing,1415,53,68860,99,13.145386,80.351775,80.189684,12.978488,F
Software Consultant,1684,77,69826,83,13.086503,80.183816,80.200593,13.182755,F
Database Administrator,1334,49,148390,104,13.191573,80.108941,80.202219,12.930294,F
Marketing Manager,1023,38,56548,83,12.991269,80.226539,80.241771,13.080024,M
Geological Engineer,1439,19,19795,96,13.056079,80.171144,80.031941,12.915517,F
Editor,1574,41,284678,94,13.107723,80.204147,80.396323,13.06395,M
Project Manager,1874,43,86401,93,12.921837,80.129791,80.220974,13.176435,M
Media Manager,1640,42,257787,99,13.009285,80.249494,80.160349,12.907535,M
Sales Associate,1266,67,206651,75,12.970934,80.38285,80.345017,12.981663,M
General Manager,1499,17,13171,107,13.175014,80.153109,80.052213,13.064755,F
Research Nurse,1320,60,48355,109,13.156671,80.329555,80.337967,13.001508,F
Research Assistant,1229,46,14407,94,13.030803,80.297083,80.260183,13.165756,M
Project Manager,1414,22,288982,73,13.188033,80.08295,80.087981,13.00711,F
Senior Editor,1586,79,28660,95,12.981703,80.095118,80.338219,13.076128,M
Engineer,1853,55,76818,89,13.040877,80.376413,80.215914,12.966494,F
Community Outreach Specialist,1015,19,25471,105,12.978807,80.171288,80.100341,12.938569,F
Media Manager,1539,47,180018,80,13.024535,80.000553,80.308115,13.052979,F
Technical Writer,1913,64,42658,115,13.016376,80.206026,80.053097,13.167142,M
Legal Assistant,1300,46,163548,94,12.981851,80.040646,80.042546,13.011837,M
Database Administrator,1380,49,128181,108,13.111581,80.37417,80.116754,13.018657,M
Developer,1207,47,294328,79,12.900198,80.338708,80.233662,12.969156,F
Programmer,1772,68,261152,91,12.902463,80.111586,80.257729,12.944466,M
Project Manager,1729,49,139571,115,13.182546,80.311433,80.161192,13.005843,F
Geologist,1207,27,75430,106,13.160182,80.260776,80.080659,12.906712,M
General Manager,1316,56,43055,106,13.05852,80.177064,80.173926,12.906151,F
Editor,1706,62,186697,110,12.907656,80.049018,80.306423,13.140538,F
Nurse Practicioner,1323,21,161459,82,13.100131,80.351931,80.266694,13.030251,F
Help Desk Operator,1621,20,184341,99,13.11027,80.189832,80.018803,13.1796,F
Environmental Specialist,1031,75,43197,94,13.076151,80.375348,80.047887,13.070141,F
Financial Analyst,1852,45,25795,99,13.025383,80.30303,80.122435,13.064986,F
Programmer,1210,31,273082,85,13.072258,80.178148,80.00073,13.127849,F
Financial Analyst,1397,78,64873,105,13.15592,80.011895,80.081602,13.063173,F
Computer Systems Analyst,1082,28,133282,96,13.043532,80.080899,80.314565,13.129075,F
Human Resources Manager,1375,32,108437,95,12.925377,80.222903,80.031553,12.968504,F
Pharmacist,1164,73,46029,97,12.913108,80.148295,80.138289,12.945348,M
Electrical Engineer,1891,31,284794,90,13.199655,80.057782,80.085392,13.145359,M
Operator,1856,23,95836,94,13.006527,80.027814,80.034217,12.98843,M
Business Systems Development Analyst,1639,70,198829,99,13.12088,80.291853,80.387356,13.161822,M
Software Consultant,1903,39,105315,84,12.996653,80.124233,80.270563,12.902927,M
Database Administrator,1922,53,121355,97,13.040878,80.235881,80.160353,12.943788,M
Help Desk Operator,1796,20,203535,101,13.100789,80.179562,80.29864,13.05688,F
Operator,1443,40,184692,101,13.127613,80.134319,80.2405,12.982499,M
Director of Sales,1277,80,39400,106,13.070005,80.009993,80.361622,13.075046,F
Tax Accountant,1167,44,156499,95,12.974596,80.003517,80.222971,12.985896,M
Operator,1205,37,134794,101,13.148161,80.001487,80.320279,13.055483,F
Cost Accountant,1874,65,203677,83,13.039031,80.399551,80.244276,13.044253,M
Recruiting Manager,1859,22,17784,92,13.044488,80.230108,80.057063,13.159936,M
Dental Hygienist,1900,73,59046,88,12.922601,80.331519,80.327594,13.097654,M
Food Chemist,1834,30,142211,90,12.934762,80.140659,80.297676,12.966571,M
Programmer,1955,18,5408,105,12.917837,80.059926,80.346259,12.942827,M
Help Desk Operator,1414,33,212557,82,13.061157,80.363584,80.256078,13.004388,F
Research Assistant,1469,27,245197,97,13.054534,80.198979,80.302827,13.111142,F
Computer Systems Analyst,1927,45,293800,97,13.049834,80.279619,80.215661,13.150123,F
Food Chemist,1422,61,168820,87,13.030175,80.183513,80.068007,13.044544,F
Financial Advisor,1192,60,101420,85,12.950227,80.395629,80.325113,13.065165,F
Administrative Assistant,1424,43,146875,90,13.042548,80.253322,80.201427,13.006485,M
General Manager,1470,30,161641,104,13.134291,80.279291,80.184792,12.961397,F
Product Engineer,1859,44,199586,90,13.012425,80.273596,80.254382,13.140324,F
Professor,1787,22,198712,102,13.180449,80.152861,80.203793,13.064258,F
Web Designer,1223,75,51621,105,13.070267,80.031483,80.303589,13.058608,F
Cost Accountant,1479,76,59544,103,13.020087,80.167859,80.128611,12.995879,F
VP Quality Control,1838,75,50911,103,13.050022,80.101503,80.244541,12.965269,M
Senior Quality Engineer,1084,42,163115,99,13.110245,80.190284,80.194516,12.962145,F
Software Engineer,1679,65,69726,118,13.098932,80.145923,80.226322,13.151972,F
Payment Adjustment Coordinator,1327,48,28235,92,13.003214,80.35057,80.131142,12.981101,F
Mechanical Systems Engineer,1067,77,59058,103,12.995895,80.222495,80.317893,13.127045,F
Structural Analysis Engineer,1671,68,117174,91,12.907287,80.177455,80.087723,13.101357,M
Environmental Tech,1693,54,144664,82,12.966305,80.113211,80.010543,12.911703,F
Administrative Assistant,1102,32,216202,102,13.090664,80.29733,80.146363,12.916759,M
Human Resources Manager,1736,53,77415,87,13.171628,80.339696,80.303651,12.966449,F
Community Outreach Specialist,1270,64,262909,100,13.118163,80.23946,80.034112,12.951075,M
Accounting Assistant,1469,80,31615,83,12.966947,80.235648,80.395423,12.979201,F
Director of Sales,1388,63,262230,89,13.119469,80.189776,80.238839,12.974793,F
Product Engineer,1634,24,275855,91,13.018126,80.291971,80.249193,13.196289,F
Structural Engineer,1782,57,286116,79,13.193688,80.097641,80.076103,13.06344,F
Quality Engineer,1293,80,63941,107,13.006343,80.292577,80.255917,13.063217,M
Human Resources Assistant,1058,64,273497,115,12.963888,80.225273,80.292895,12.955797,M
Compensation Analyst,1720,29,100722,92,13.08845,80.106408,80.116519,13.115919,M
Product Engineer,1891,74,60841,88,13.192277,80.040042,80.375314,13.117196,F
Financial Advisor,1624,79,57298,84,13.090422,80.240421,80.229485,12.960125,M
Junior Executive,1717,78,62113,89,13.063325,80.12451,80.263659,13.156121,M
Business Systems Development Analyst,1746,61,224001,97,13.073714,80.143367,80.280283,13.133864,F
Quality Engineer,1240,57,287592,93,13.106457,80.048859,80.11826,13.095169,F
Chief Design Engineer,1193,62,252371,94,13.18735,80.111052,80.070482,12.968774,F
Librarian,1460,52,256525,95,13.110388,80.071598,80.070605,13.124425,M
Information Systems Manager,1009,68,225504,92,12.902956,80.33761,80.091769,13.041627,M
Administrative Assistant,1573,60,164760,80,13.026917,80.005197,80.07294,13.11853,F
Administrative Officer,1393,59,226409,105,12.960164,80.209547,80.107566,13.015381,M
Electrical Engineer,1820,18,23584,97,13.11801,80.354871,80.228971,12.92093,M
Environmental Specialist,1532,41,278874,101,13.003122,80.109868,80.262701,13.198217,F
Director of Sales,1981,38,136647,81,13.183447,80.074216,80.230227,13.173864,F
Food Chemist,1766,67,144376,109,13.181384,80.095238,80.013111,12.979416,M
Structural Analysis Engineer,1058,25,143356,106,13.060813,80.076827,80.021606,13.021327,M
Human Resources Assistant,1067,74,20976,83,12.965089,80.057547,80.331674,12.938222,M
Quality Engineer,1716,62,243806,101,12.938332,80.363641,80.102768,13.059654,M
Electrical Engineer,1511,41,206047,99,13.133422,80.202887,80.315433,13.108791,F
Registered Nurse,1345,16,20662,101,12.991635,80.327926,80.138894,13.123391,M
Health Coach,1953,57,243118,104,13.136412,80.172621,80.026055,13.083828,M
Web Developer,1532,26,146396,91,12.928102,80.33996,80.26673,12.912858,F
Clinical Specialist,1379,77,46007,102,13.049069,80.099281,80.084307,13.084242,M
Design Engineer,1068,64,58604,110,13.137312,80.091513,80.12852,12.969155,M
Safety Technician,1494,48,41341,101,13.170777,80.045808,80.042346,12.980176,M
Marketing Manager,1584,25,35034,110,13.025751,80.2941,80.078347,13.030321,M
Executive Secretary,1011,78,23959,101,13.196289,80.181457,80.282927,12.912359,F
Research Assistant,1975,64,222833,106,13.095344,80.292119,80.042505,13.155515,F
Health Coach,1846,44,206866,101,13.089972,80.370279,80.250846,12.920261,F
Account Executive,1416,37,201271,82,13.131656,80.176878,80.370239,13.128772,M
Senior Cost Accountant,1692,46,26030,110,12.964526,80.275324,80.113636,12.911246,F
Accounting Assistant,1046,62,173012,99,13.042358,80.214227,80.012944,13.10643,F
Account Executive,1269,55,94077,98,13.140579,80.075294,80.022933,13.034798,M
VP Quality Control,1494,29,65557,95,12.954497,80.347973,80.3722,12.920235,M
Professor,1787,27,10165,101,13.066644,80.126119,80.236738,12.92998,F
Human Resources Manager,1002,19,6044,99,13.198576,80.36961,80.015027,13.009103,M
Dental Hygienist,1424,63,210138,116,12.998823,80.272932,80.313918,13.125422,F
Analyst Programmer,1940,55,136200,90,13.011245,80.020654,80.127685,12.952042,F
Dental Hygienist,1029,45,115677,113,13.162574,80.135634,80.141319,13.071706,F
Recruiting Manager,1223,54,252755,91,12.947715,80.307652,80.169266,12.9627,M
Librarian,1187,53,12995,79,12.918999,80.359435,80.169799,13.016345,F
Librarian,1144,69,223732,101,12.932948,80.166431,80.355421,13.086941,M
Paralegal,1041,65,259218,85,13.138426,80.089917,80.146839,13.01035,F
Nurse Practicioner,1312,33,114986,93,13.058035,80.155443,80.22242,13.12354,F
Analyst Programmer,1370,24,160608,109,12.971655,80.072541,80.251642,13.054926,F
Accountant,1507,35,84345,86,13.110344,80.028848,80.158582,12.99377,F
Physical Therapy Assistant,1772,39,199479,90,13.053103,80.367999,80.308194,12.953584,M
Tax Accountant,1535,34,20517,96,13.09634,80.35453,80.00681,12.917923,M
Senior Financial Analyst,1867,21,192674,89,13.102592,80.157388,80.125651,13.114323,M
Community Outreach Specialist,1230,74,31545,91,13.007958,80.159112,80.39128,13.163794,M
Web Designer,1254,41,185418,85,13.00071,80.367272,80.004757,12.92569,M
Account Executive,1308,31,106966,85,12.929176,80.358126,80.330773,13.124788,M
VP Quality Control,1577,25,32851,78,12.930091,80.311698,80.195032,12.918445,F
Account Executive,1966,36,74680,86,12.99475,80.310325,80.386215,13.140769,F
Senior Financial Analyst,1078,50,294083,101,13.189888,80.058541,80.277294,12.959572,F
Speech Pathologist,1588,57,249584,92,13.066166,80.347631,80.339053,13.142492,F
Senior Developer,1448,16,4308,97,13.095289,80.117898,80.022891,13.01736,M
VP Product Management,1512,29,70470,91,13.151516,80.135887,80.067457,13.01343,F
VP Quality Control,1389,26,166359,100,13.11356,80.102846,80.300567,12.914052,M
Project Manager,1503,18,18672,92,12.925947,80.391171,80.207073,13.066781,F
Web Designer,1453,48,15211,98,13.086409,80.125466,80.059526,13.061047,F
Editor,1418,33,175534,82,13.080642,80.014942,80.32579,13.140238,M
Programmer,1864,31,75534,79,13.100556,80.320273,80.009604,13.11925,M
Biostatistician,1904,23,83326,100,12.997716,80.061293,80.397574,13.040259,F
Accountant,1383,53,227096,88,12.989354,80.051508,80.241561,13.177723,M
Speech Pathologist,1314,42,292963,97,13.165622,80.083955,80.271929,13.131698,F
Product Engineer,1344,27,80429,114,12.905936,80.011756,80.183784,12.976446,M
Help Desk Operator,1796,61,269883,89,13.10876,80.374031,80.013178,12.973236,F
Assistant Professor,1794,30,231104,88,13.016995,80.361278,80.189262,12.916362,M
Recruiter,1301,18,5355,110,12.993502,80.312283,80.266802,12.95815,M
Financial Advisor,1982,23,206940,120,13.184232,80.136628,80.014389,12.960764,F
Automation Specialist,1117,74,55852,113,12.955786,80.353339,80.332945,13.002858,F
Account Representative,1179,69,268874,80,13.093652,80.362014,80.060965,12.966936,F
Electrical Engineer,1001,46,49359,92,13.17036,80.033697,80.031197,12.923876,M
Data Coordiator,1558,46,187053,76,13.023414,80.34421,80.280377,13.002644,M
Compensation Analyst,1856,34,106213,99,13.107984,80.248158,80.033281,12.994408,M
Senior Sales Associate,1476,19,42076,94,13.044972,80.135318,80.303531,13.018731,M
Clinical Specialist,1653,62,157773,85,12.938908,80.356049,80.092316,13.163896,M
Programmer,1019,66,269985,91,12.979543,80.126947,80.107779,12.979947,M
Account Coordinator,1138,77,33634,101,12.956995,80.105746,80.342615,13.041709,M
Internal Auditor,1108,78,59172,94,13.054343,80.119356,80.298634,13.140398,F
Web Designer,1938,49,46668,81,13.061993,80.168474,80.358514,13.168767,F
Analog Circuit Design manager,1554,38,131026,101,13.131696,80.19022,80.127931,12.991243,M
Mechanical Systems Engineer,1605,27,165891,111,12.998334,80.070588,80.309406,12.981887,F
Graphic Designer,1909,36,209493,102,13.149811,80.134882,80.376037,12.904865,M
Food Chemist,1479,25,175292,93,12.923675,80.071437,80.222478,12.906673,F
Clinical Specialist,1647,32,138289,95,13.037284,80.181386,80.223282,13.074796,M
Systems Administrator,1237,72,35197,86,13.13559,80.054945,80.391245,13.06745,F
Web Designer,1326,18,23037,91,13.154367,80.330368,80.324215,13.109738,M
Administrative Officer,1062,17,27828,92,12.93165,80.242035,80.180909,12.960963,M
Senior Editor,1019,79,23073,113,12.937908,80.173052,80.063873,13.07913,F
Marketing Assistant,1508,67,257257,91,12.947263,80.335712,80.044347,13.167942,M
VP Accounting,1059,75,41465,81,12.917655,80.207343,80.367864,13.092649,M
Account Coordinator,1082,20,222236,86,13.082589,80.012672,80.112052,12.946609,M
Director of Sales,1348,49,135529,91,13.073785,80.296935,80.229887,12.991896,F
VP Marketing,2000,23,258647,86,13.133033,80.039732,80.328983,12.91656,F
Data Coordiator,1282,36,24662,99,13.080772,80.16544,80.273312,13.028366,F
Desktop Support Technician,1364,49,40671,86,13.149802,80.300005,80.256538,12.915651,F
Structural Engineer,1007,21,185969,98,13.034011,80.123372,80.390351,13.003654,M
VP Quality Control,1996,42,216090,95,13.173524,80.05407,80.363684,13.045989,F
Environmental Tech,1636,79,59589,118,13.196565,80.249858,80.054844,12.930862,F
Dental Hygienist,1261,80,61634,81,12.988368,80.139634,80.202921,12.910603,M
Research Nurse,1780,28,280758,94,13.126001,80.159348,80.098136,13.13322,M
Computer Systems Analyst,1745,38,235990,100,13.16005,80.038322,80.200577,13.149871,F
Statistician,1324,51,119335,103,13.093791,80.087338,80.090701,13.176678,F
Quality Control Specialist,1261,61,177992,86,13.167145,80.345984,80.285311,12.951369,M
Professor,1214,16,11117,100,13.063112,80.30813,80.209506,13.105941,M
Structural Engineer,1150,16,24229,92,13.07917,80.272555,80.208238,13.091479,F
Product Engineer,1032,46,231913,91,13.174221,80.378545,80.286837,13.109607,F
Desktop Support Technician,1930,68,211207,89,13.081318,80.202501,80.299997,13.091543,M
Business Systems Development Analyst,1896,29,199049,107,13.08232,80.190781,80.12926,12.912919,F
Assistant Manager,1805,21,181781,85,13.026595,80.042927,80.390377,13.092415,F
Senior Cost Accountant,1225,49,93598,89,13.123877,80.331672,80.312598,13.12197,F
Internal Auditor,1394,79,52900,128,13.079179,80.232001,80.134998,13.169695,F
Statistician,1079,68,273882,91,13.037151,80.024451,80.318948,13.188068,M
Office Assistant,1088,22,60725,105,12.918409,80.267793,80.021226,13.039718,F
Web Designer,1026,31,34593,85,12.991314,80.29378,80.352885,12.978657,F
Account Representative,1693,77,40185,72,13.001737,80.162686,80.095229,13.010491,M
Structural Analysis Engineer,1604,19,17832,90,13.191633,80.395293,80.128113,13.15849,M
Food Chemist,1311,42,74046,94,13.032504,80.38117,80.154503,13.081965,M
Information Systems Manager,1886,68,142586,108,13.045639,80.380182,80.150789,12.979053,F
Civil Engineer,1204,34,256599,111,13.000867,80.186062,80.076784,13.098929,M
Design Engineer,1840,44,203947,103,12.922295,80.293543,80.263516,12.92776,F
Computer Systems Analyst,1386,42,186038,94,12.917667,80.1902,80.140931,12.930621,M
Research Associate,1424,31,288189,83,12.925112,80.073935,80.110209,13.135673,M
Internal Auditor,1722,50,253596,91,13.100223,80.303623,80.103815,12.930809,M
Information Systems Manager,1293,42,244933,86,13.038446,80.350318,80.080826,13.083654,M
Information Systems Manager,1264,68,206133,108,12.950587,80.377134,80.298972,12.984198,F
Structural Analysis Engineer,1390,69,112626,109,13.181654,80.399041,80.133271,12.95546,M
Food Chemist,1015,36,149234,109,13.122954,80.077687,80.069873,13.02572,F
Administrative Officer,1643,63,25980,107,12.955673,80.193141,80.339469,12.992824,F
Help Desk Technician,1465,70,280639,103,13.115423,80.383409,80.197091,12.945508,M
Financial Advisor,1239,25,146247,88,12.979754,80.317287,80.097491,12.96681,F
Human Resources Assistant,1921,73,63497,106,12.90088,80.381186,80.3457,12.911582,F
Research Associate,1948,78,30141,100,12.959376,80.129122,80.391454,13.198657,F
Social Worker,1089,65,158527,101,13.039252,80.067043,80.188604,13.155574,M
Librarian,1180,76,43640,94,13.033425,80.135213,80.165268,12.970026,F
Accountant,1576,25,148819,101,12.948058,80.001975,80.345387,13.18434,M
Cost Accountant,1990,79,34838,104,12.979044,80.142428,80.342977,13.033566,M
Director of Sales,1254,66,168737,103,13.115275,80.049543,80.103364,13.031393,M
Project Manager,1135,68,20067,70,13.132341,80.247344,80.058484,12.950555,M
Recruiter,1981,16,16478,95,12.95141,80.378912,80.157185,12.945972,M
Geologist,1256,50,280650,97,13.152123,80.12623,80.16422,12.991433,F
Developer,1124,51,98857,74,13.13073,80.178443,80.202969,13.092394,M
Social Worker,1390,45,255723,101,13.076426,80.260598,80.345541,13.008971,M
Engineer,1489,38,20320,79,12.928006,80.370236,80.156435,13.050861,F
Human Resources Assistant,1231,75,56951,103,12.922784,80.073435,80.218136,12.934309,M
Programmer,1231,54,259037,92,13.156725,80.093887,80.273416,13.103484,M
Junior Executive,1015,55,170843,85,13.167366,80.285836,80.362451,13.161394,M
Paralegal,1836,53,15361,90,13.075546,80.181335,80.22574,13.154957,F
Teacher,1015,74,32711,99,13.027294,80.061157,80.315055,12.953558,F
Product Engineer,1724,68,71338,103,13.055023,80.221799,80.270189,13.173184,F
Office Assistant,1870,43,74822,88,13.187069,80.15955,80.133505,13.148421,M
Mechanical Systems Engineer,1789,62,223379,92,13.16449,80.167681,80.06219,13.191906,F
Developer,1162,53,257725,83,13.126913,80.321137,80.193872,12.971069,F
VP Product Management,1407,65,221136,105,13.105236,80.138509,80.144061,12.907569,F
VP Product Management,1489,75,49564,89,13.194744,80.069728,80.393836,12.967343,M
Sales Representative,1707,24,177925,120,13.023847,80.037675,80.211636,13.139492,F
VP Sales,1955,75,63585,103,13.139953,80.013253,80.363906,13.181855,M
Structural Analysis Engineer,1915,17,11468,66,12.952059,80.092017,80.386657,13.167746,F
Sales Associate,1107,46,113658,84,13.195235,80.285802,80.204014,12.986385,F
Web Designer,1563,24,244867,81,12.91149,80.236429,80.345343,12.965554,F
Quality Engineer,1989,34,212915,98,13.005583,80.180348,80.13533,12.987322,F
Senior Editor,1393,56,260255,119,13.027281,80.35873,80.184254,12.941273,F
Physical Therapy Assistant,1780,42,100030,118,13.005991,80.390123,80.058191,13.038766,F
Accounting Assistant,1020,66,99894,97,13.083561,80.335914,80.078242,12.939785,M
Software Consultant,1088,34,288767,94,13.123651,80.368833,80.331724,13.052374,F
Assistant Manager,1144,78,31301,85,13.175016,80.263496,80.077054,13.167826,F
Compensation Analyst,1481,52,16446,101,13.111314,80.198333,80.339829,12.962098,M
Recruiting Manager,1726,45,176386,90,13.129101,80.35071,80.202609,13.187915,M
Graphic Designer,1296,65,86693,107,13.023536,80.014052,80.288831,12.999043,M
VP Product Management,1583,56,136703,99,13.000817,80.080031,80.375271,12.917776,F
Software Consultant,1796,54,23268,98,12.913105,80.021354,80.005449,12.959992,F
Safety Technician,1265,54,105928,106,13.170055,80.362632,80.398957,12.929701,M
Pharmacist,1185,23,243242,102,13.153637,80.27084,80.007302,12.909741,M
Executive Secretary,1215,65,48092,91,13.090093,80.209885,80.190019,12.900159,M
Junior Executive,1471,28,49104,93,12.917571,80.193744,80.001062,12.988393,F
Civil Engineer,1898,61,34523,96,13.093323,80.310639,80.118654,13.015902,M
VP Sales,1080,52,131286,92,13.187669,80.179629,80.276254,13.074078,M
Teacher,1425,74,39739,95,13.113553,80.134375,80.007814,12.9613,F
Sales Representative,1369,38,35143,92,13.021944,80.069577,80.372205,12.953468,F
Staff Scientist,1160,37,261141,84,12.975285,80.385135,80.356638,12.976111,M
Software Consultant,1324,80,53827,91,13.051034,80.002619,80.150219,12.926903,M
Account Representative,1079,68,186014,112,12.95545,80.122826,80.336087,13.107299,M
Quality Control Specialist,1151,59,51027,86,13.15869,80.011416,80.164298,12.982165,F
Research Assistant,1263,72,42838,85,12.994891,80.085045,80.00197,12.990317,M
Senior Financial Analyst,1666,33,72231,93,13.197351,80.349238,80.047008,12.936823,M
General Manager,1231,25,156770,102,13.065992,80.320404,80.040784,13.015374,M
Assistant Professor,1393,47,223698,101,12.917468,80.340244,80.320755,13.108632,F
Chemical Engineer,1692,71,57140,102,12.93611,80.384321,80.213821,13.042452,F
Nuclear Power Engineer,1682,62,222045,97,13.128358,80.090951,80.00262,12.991008,M
Data Coordiator,1520,59,153777,99,12.932643,80.253351,80.228594,13.107954,F
Paralegal,1633,29,220363,91,13.009302,80.322097,80.347326,12.968825,F
Media Manager,1677,61,206702,104,13.145119,80.354462,80.031823,12.902469,F
GIS Technical Architect,1514,36,89386,95,13.140171,80.319061,80.072729,12.959498,F
Clinical Specialist,1070,34,241230,82,13.15094,80.19846,80.249393,13.1968,F
Associate Professor,1029,78,36495,97,13.050197,80.093539,80.173708,12.944686,M
Staff Accountant,1487,34,62205,106,13.121503,80.316784,80.38427,13.047013,F
Structural Analysis Engineer,1097,20,82757,98,12.926121,80.050094,80.01577,13.121822,M
Electrical Engineer,1717,67,67098,100,12.916797,80.391786,80.363315,12.989343,M
